"","Residue.type","response","SE","df","lower.CL","upper.CL",".group"
"5","No residue",218.456154683488,7.14228939505603,3,196.868739156707,242.410713470911,"C"
"3","Wheat",232.380791100077,6.92568462406664,3,211.353137791786,255.500498532917,"C"
"2","Clover",285.092525191602,7.88263479009064,3,261.078485838206,311.315379584717,"B"
"4","Wheat-clover mix",270.981077497196,11.2327193881897,3,237.491086277189,309.193686014118,"B"
"1","Five-species mix",8450.71730499296,269.628621502306,3,7634.76516780714,9353.87289579454,"A"
