"","Residue.type","response","SE","df","lower.CL","upper.CL",".group"
"5","No residue",16143.4375,793.066886565364,3,13619.5447170072,18667.3302829928,"B"
"3","Wheat",19129.875,1507.8716470623,3,14331.1544479645,23928.5955520355,"B"
"2","Clover",18065.25,989.438983976273,3,14916.4135611411,21214.086438859,"B"
"4","Wheat-clover mix",19003.8125,1007.99004842929,3,15795.9382946135,22211.6867053865,"B"
"1","Five-species mix",35431.625,1094.88204955527,3,31947.2216666714,38916.0283333286,"A"
