"","Moisture.treatment","response","SE","df","lower.CL","upper.CL",".group"
"2","Ambient",495.547115431749,13.6060494725618,3,454.084458627737,540.795746136835,"A"
"1","Drought",516.497471488506,12.1961787157206,3,479.106315071258,556.806766394518,"A"
