"","Residue.type","response","SE","df","lower.CL","upper.CL",".group"
"5","No residue",12006.2629510944,838.089887685614,3,9614.57038443168,14992.9060048524,"B"
"2","Wheat",14004.9908433881,1066.6400682347,3,10990.5312580152,17846.2500054621,"B"
"4","Clover",15242.5873279375,1314.02186730879,3,11585.3723108558,20054.2945203492,"B"
"3","Wheat-clover mix",13929.4024750286,1150.95041176563,3,10708.5726716967,18118.9649881313,"B"
"1","Five-species mix",29185.7438752692,2206.59961369727,3,22944.316651707,37124.9951996039,"A"
