"","Moisture.treatment","response","SE","df","lower.CL","upper.CL",".group"
"2","Ambient",0.996648277225002,7.1673312083617e-05,3,0.996420180757774,0.99687637369223,"B"
"1","Drought",0.996831329950001,4.87583111040162e-05,3,0.996676159242976,0.996986500657026,"A"
