"","Moisture.treatment","response","SE","df","lower.CL","upper.CL",".group"
"2","Ambient",8.244732393625,0.0258098300178465,3,8.1625939954447,8.32687079180529,"A"
"1","Drought",8.285749089025,0.0243307578008969,3,8.20831775875678,8.36318041929322,"A"
