"","Moisture.treatment","response","SE","df","lower.CL","upper.CL",".group"
"2","Ambient",0.831140619925,0.00143634312270904,3,0.826569535061015,0.835711704788985,"A"
"1","Drought",0.833130669975,0.00143634312270905,3,0.828559585111015,0.837701754838985,"A"
