"","Residue.type","response","SE","df","lower.CL","upper.CL",".group"
"5","No residue",7.03258011540643,0.0470753379154489,3,6.88434985714956,7.18400199087027,"D"
"3","Wheat",7.2097146031404,0.0451266954761894,3,7.06752221393629,7.35476777932692,"C"
"2","Clover",7.50828672251259,0.0600771866058766,3,7.319508050336,7.70193421740564,"B"
"4","Wheat-clover mix",7.28261743281001,0.0643442407891191,3,7.08069743047884,7.49029558082412,"C"
"1","Five-species mix",9.61253288722731,0.0699008935753479,3,9.39263137116805,9.83758276638678,"A"
