"","Moisture.treatment","response","SE","df","lower.CL","upper.CL",".group"
"2","Ambient",0.791278947467314,0.00132269137178855,3,0.787080729801394,0.795499558047839,"B"
"1","Drought",0.79618590934442,0.0013169511714479,3,0.792005794678773,0.800388086170136,"A"
