"","Moisture.treatment","response","SE","df","lower.CL","upper.CL",".group"
"2","Ambient",15812.7763960763,1009.33294067777,3,12905.8669369784,19374.436337622,"A"
"1","Drought",16148.5272440603,986.976657049546,3,13294.1214093117,19615.8079291725,"A"
