"","Moisture.treatment","Glucose.addition.treatment","response","SE","df","lower.CL","upper.CL",".group"
"4","Ambient","G-00",327.388488911766,11.7599929325413,3,292.022865364036,367.037089846764,"A"
"3","Drought","G-00",343.152294960442,11.0212634792101,3,309.810708160503,380.082077329664,"A"
"2","Ambient","G-50",344.767971262015,12.3842744712402,3,307.524956629778,386.521325978835,"A"
"1","Drought","G-50",351.637957698305,11.2938034744343,3,317.471881408176,389.480960473655,"A"
