"","Moisture.treatment","response","SE","df","lower.CL","upper.CL",".group"
"2","Ambient",335.965869005535,9.41104586805703,3,307.311894004778,367.291560589223,"A"
"1","Drought",347.369215935112,8.49431178182618,3,321.361620162528,375.481590235786,"A"
