"","Residue.type","response","SE","df","lower.CL","upper.CL",".group"
"5","No residue",0.748929080898522,0.0023587831099248,3,0.741459875679926,0.756473528255536,"D"
"3","Wheat",0.755374387820549,0.00231315229165494,3,0.748048659192233,0.762771858172181,"CD"
"2","Clover",0.779861819610698,0.00180337763629726,3,0.774143733168194,0.785622141766239,"B"
"4","Wheat-clover mix",0.763605895046315,0.00218674404734122,3,0.7566783150633,0.770596898763651,"C"
"1","Five-species mix",0.935126501595057,0.000935277365977211,3,0.932154763567471,0.938107713614785,"A"
