"","Residue.type","response","SE","df","lower.CL","upper.CL",".group"
"5","No residue",0.9932044376875,0.000123640462749628,3,0.992810958553639,0.993597916821361,"C"
"3","Wheat",0.9933587760625,0.000148034547534314,3,0.992887664063645,0.993829888061355,"C"
"2","Clover",0.9947352495,0.000143855189958936,3,0.994277438082219,0.995193060917781,"B"
"4","Wheat-clover mix",0.99385214675,0.000199855360321857,3,0.993216117796953,0.994488175703047,"C"
"1","Five-species mix",0.999847645625,7.12429054237143e-06,3,0.999824972952886,0.999870318297114,"A"
