"","Residue.type","response","SE","df","lower.CL","upper.CL",".group"
"5","No residue",147.603973515863,3.76841583696673,3,136.085466128364,160.097427135392,"D"
"3","Wheat",151.09866391501,3.89411983998851,3,139.200440695462,164.013893367259,"CD"
"2","Clover",191.118490050957,6.05245586829365,3,172.795699545219,211.384179904311,"B"
"4","Wheat-clover mix",163.911121117921,5.88279073234861,3,146.219064469926,183.743862153214,"C"
"1","Five-species mix",6659.57355396598,331.405241290039,3,5684.16957104727,7802.35694349842,"A"
