"","Residue.type","response","SE","df","lower.CL","upper.CL",".group"
"5","No residue",0.7932138423125,0.00173010622794368,3,0.787707872139633,0.798719812485368,"D"
"3","Wheat",0.799424327,0.00242686536546446,3,0.791700958284257,0.807147695715744,"D"
"2","Clover",0.81838887425,0.00175080713109426,3,0.812817024564384,0.823960723935615,"B"
"4","Wheat-clover mix",0.810626896625,0.00242892272264037,3,0.802896980480514,0.818356812769487,"C"
"1","Five-species mix",0.9390242845625,0.00106732417675341,3,0.935627582679651,0.942420986445349,"A"
