"","Moisture.treatment","response","SE","df","lower.CL","upper.CL",".group"
"2","Ambient",0.9948794132,0.000100890054830608,3,0.994558336017765,0.995200490382236,"A"
"1","Drought",0.99511988905,7.40496134105694e-05,3,0.994884230131394,0.995355547968606,"A"
