"","Glucose.addition.treatment","response","SE","df","lower.CL","upper.CL",".group"
"2","G-00",0.792590404744477,0.00135251921039776,3,0.788297751583797,0.796906433426806,"A"
"1","G-50",0.794868502776621,0.0013564066803106,3,0.790563511484342,0.799196936777496,"A"
