"","Moisture.treatment","response","SE","df","lower.CL","upper.CL",".group"
"2","Ambient",7.642956366926,0.0476733763084109,3,7.49273434493705,7.79619019406532,"A"
"1","Drought",7.70935772615154,0.0439826277113547,3,7.57064840001864,7.85060848283828,"A"
