"","Moisture.treatment","response","SE","df","lower.CL","upper.CL",".group"
"2","Ambient",21339.3,735.593383862761,3,18998.3135533348,23680.2864466652,"A"
"1","Drought",21770.3,829.197909693821,3,19131.4221759459,24409.1778240541,"A"
