"","Residue.type","response","SE","df","lower.CL","upper.CL",".group"
"5","No residue",7.6716154036875,0.0337522208866312,3,7.56420077303172,7.77903003434327,"C"
"3","Wheat",7.855300758125,0.0411400147475085,3,7.72437487019247,7.98622664605752,"B"
"2","Clover",8.000021518,0.041782163676467,3,7.86705202558107,8.13299101041893,"B"
"4","Wheat-clover mix",7.96989543075,0.0420593476259763,3,7.83604381529507,8.10374704620493,"B"
"1","Five-species mix",9.8293705960625,0.0301684547622299,3,9.73336110866832,9.92538008345667,"A"
