"","Residue.type","response","SE","df","lower.CL","upper.CL",".group"
"5","No residue",0.995386028750005,0.000119595143387028,3,0.995005423627803,0.995766633872207,"C"
"3","Wheat",0.995679450625001,0.00010076625184274,3,0.995358767439127,0.996000133810875,"C"
"2","Clover",0.996474521375001,7.91698906966905e-05,3,0.996222567448863,0.996726475301138,"B"
"4","Wheat-clover mix",0.996278107312501,0.000126425639324277,3,0.99587576450374,0.996680450121261,"B"
"1","Five-species mix",0.999880909875001,6.02169166885758e-06,3,0.999861746164597,0.999900073585404,"A"
