"","Residue.type","response","SE","df","lower.CL","upper.CL",".group"
"5","No residue",12.1115293912082,0.105492705752199,3,11.780414876034,12.451950609356,"C"
"3","Wheat",15.3928136984179,0.134073040136812,3,14.9719928524051,15.8254626414773,"B"
"2","Clover",15.6526448974542,0.136336197442533,3,15.2247205817872,16.092596968833,"B"
"4","Wheat-clover mix",15.3995298350197,0.134131538399041,3,14.9785253779828,15.8323675498955,"B"
"1","Five-species mix",16.1825139354547,0.140951412970439,3,15.7401036433304,16.6373591435752,"A"
