"","Moisture.treatment","response","SE","df","lower.CL","upper.CL",".group"
"2","Ambient",12.9170548269397,0.0664883032871189,3,12.7071830294078,13.1303928664621,"B"
"1","Drought",13.1020999520696,0.0674407910303608,3,12.8892216059432,13.3184941963344,"A"
