"","Moisture.treatment","response","SE","df","lower.CL","upper.CL",".group"
"2","Ambient",14.5892051012957,0.0903743299355334,3,14.3044100954704,14.8796702602278,"B"
"1","Drought",15.157641946778,0.0938955703776581,3,14.8617505190712,15.4594244528527,"A"
