"","Residue.type","response","SE","df","lower.CL","upper.CL",".group"
"5","No residue",10.797761502514,0.0831350552259505,3,10.5364036973714,11.0656023453486,"D"
"3","Wheat",13.3551616478878,0.102825210659649,3,13.0319024487655,13.6864393623595,"C"
"2","Clover",13.8193976579325,0.106399496526581,3,13.4849017126915,14.1621908484753,"AB"
"4","Wheat-clover mix",13.4352883628647,0.103442129163835,3,13.110089711537,13.7685536380792,"BC"
"1","Five-species mix",13.9168851145708,0.107150080348013,3,13.5800295036075,14.2620965028619,"A"
