"","Moisture.treatment","response","SE","df","lower.CL","upper.CL",".group"
"2","Ambient",1.17418444024563,0.488568014475382,3,-0.380657032301352,2.7290259127926,"A"
"1","Drought",2.2476394983,1.12949798590183,3,-1.34692719375866,5.84220619035866,"A"
