"","Residue.type","response","SE","df","lower.CL","upper.CL",".group"
"3","No residue",7.31844736712716,12.0151074652737,3,-30.9189869933199,45.5558817275742,"B"
"5","Wheat",79.142614015286,22.9287195339963,3,6.17319524943296,152.112032781139,"A"
"1","Clover",16.9283562168815,26.2587843162358,3,-66.6388149115649,100.495527345328,"AB"
"4","Wheat-clover mix",10.2709338228982,26.5321153175649,3,-74.1660985408474,94.7079661866437,"AB"
"2","Five-species mix",-16.9325140559313,14.3612556314065,3,-62.6364389793358,28.7714108674732,"B"
