"","Residue.type","response","SE","df","lower.CL","upper.CL",".group"
"3","No residue",-1.080917568125,0.175578040974413,3,-1.63968525591297,-0.522149880337026,"B"
"5","Wheat",-0.0464747321249974,1.48069792130232,3,-4.75871636101482,4.66576689676483,"AB"
"1","Clover",3.63696478961406,0.702263440103289,3,1.40204909932152,5.8718804799066,"A"
"4","Wheat-clover mix",2.911956607125,1.38846966453639,3,-1.50677354677735,7.33068676102735,"AB"
"2","Five-species mix",3.133030749875,2.14645482485041,3,-3.69794647692859,9.96400797667859,"AB"
