"","Moisture.treatment","response","SE","df","lower.CL","upper.CL",".group"
"2","Ambient",14.1615766434278,16.4420650416554,3,-38.1644124996229,66.4875657864786,"A"
"1","Drought",24.5295583030768,15.3357019244551,3,-24.2754896253376,73.3346062314911,"A"
