"","Residue.type","response","SE","df","lower.CL","upper.CL",".group"
"1","No residue",0.0369840269686398,0.0021931911380974,3,0.03062337943178,0.0446658166471855,"AB"
"3","Wheat",0.0226862410058752,0.00264653535520586,3,0.0156504591653627,0.0328850115858389,"C"
"2","Clover",0.0438221966858408,0.00468701048736482,3,0.0311795171529916,0.0615912335316027,"A"
"5","Wheat-clover mix",0.0285686413374724,0.00243978234539035,3,0.0217698606747437,0.0374906978075433,"BC"
"4","Five-species mix",0.0394638392005975,0.00555907924607933,3,0.0252061760042139,0.061786230651974,"AB"
