"","Moisture.treatment","response","SE","df","lower.CL","upper.CL",".group"
"2","Ambient",0.0334879966893103,0.00183181921496909,3,0.0281375449144275,0.0398558554299539,"A"
"1","Drought",0.0332762786797577,0.00283794756793806,3,0.0253665596479833,0.0436523808565002,"A"
