"","Moisture.treatment","response","SE","df","lower.CL","upper.CL",".group"
"2","Ambient",0.965863701228548,0.00110679642448392,3,0.962341381036748,0.969386021420348,"B"
"1","Drought",0.968376119238329,0.00116152650250182,3,0.964679623511953,0.972072614964705,"A"
