"","Glucose.addition.treatment","response","SE","df","lower.CL","upper.CL",".group"
"2","G-00",0.714567330438887,0.00532576690776945,3,0.697618363220454,0.73151629765732,"A"
"1","G-50",0.704748272717848,0.00533486722793858,3,0.687770344219116,0.72172620121658,"A"
