"","Residue.type","response","SE","df","lower.CL","upper.CL",".group"
"5","No residue",0.851250067423997,0.0201990335900747,3,0.789334915935877,0.918021821485249,"A"
"4","Wheat",0.703364179753884,0.00485847762192874,3,0.688071043660963,0.718997222624907,"B"
"3","Clover",0.630690830032973,0.00360650470556772,3,0.619317127435724,0.642273409641755,"C"
"2","Wheat-clover mix",0.600216905633075,0.00357597699718772,3,0.588943760263376,0.611705833586955,"D"
"1","Five-species mix",0.599761710055891,0.00440550516208928,3,0.585904028986041,0.613947150135977,"D"
