"","Moisture.treatment","Glucose.addition.treatment","response","SE","df","lower.CL","upper.CL",".group"
"4","Ambient","G-00",4.59571794465848,0.0370618728002003,3,4.47777052449859,4.71366536481837,"B"
"2","Ambient","G-50",4.57834057057658,0.0376143630325953,3,4.45863487991789,4.69804626123526,"B"
"3","Drought","G-00",4.71558888244272,0.0395607990328027,3,4.58968876372671,4.84148900115874,"A"
"1","Drought","G-50",4.61404968758333,0.0395607990328029,3,4.48814956886732,4.73994980629935,"AB"
