"","Residue.type","response","SE","df","lower.CL","upper.CL",".group"
"5","No residue",0.994444301638376,0.00145484969488903,3,0.989814320602133,0.999074282674618,"A"
"4","Wheat",0.979903907708557,0.000963416224055562,3,0.976837887305861,0.982969928111253,"B"
"3","Clover",0.964314877989752,0.00130030268392486,3,0.960176734517545,0.968453021461959,"C"
"2","Wheat-clover mix",0.951031873838505,0.0014882898617046,3,0.946295471266932,0.955768276410078,"D"
"1","Five-species mix",0.945904589992004,0.00169729572764369,3,0.940503037474591,0.951306142509418,"D"
