"","Moisture.treatment","response","SE","df","lower.CL","upper.CL",".group"
"2","Ambient",4.16926431923618,0.0459678229894894,3,4.02551093089973,4.31815122652537,"A"
"1","Drought",4.24714365931797,0.0291019266155292,3,4.15553084796649,4.34077616622959,"A"
