"","Moisture.treatment","response","SE","df","lower.CL","upper.CL",".group"
"2","Ambient",0.953766747892597,0.0021989253748021,3,0.946768785957963,0.96076470982723,"A"
"1","Drought",0.955482199244245,0.00128679353518306,3,0.951387047912539,0.959577350575952,"A"
