"","Moisture.treatment","response","SE","df","lower.CL","upper.CL",".group"
"2","Ambient",4.51955591067739,0.030087426211405,3,4.42481146720773,4.61632903031435,"B"
"1","Drought",4.6075790544505,0.0314774345319815,3,4.50848493530329,4.70885121003135,"A"
