"","Residue.type","response","SE","df","lower.CL","upper.CL",".group"
"5","No residue",6.03703351858683,0.0704478115861549,3,5.81694905563221,6.26544488459162,"A"
"4","Wheat",4.8961578225871,0.033820930090366,3,4.78969896980373,5.00498289658968,"B"
"3","Clover",4.24315256133093,0.0291994657371768,3,4.15123698617004,4.337103306487,"C"
"2","Wheat-clover mix",4.06052808996478,0.0326579657542638,3,3.95791470245396,4.16580184488824,"D"
"1","Five-species mix",3.8857176053005,0.0313240396799487,3,3.7872983886087,3.98669440822405,"E"
