"","Residue.type","response","SE","df","lower.CL","upper.CL",".group"
"5","No residue",211.910873081733,27.1480719331496,3,140.957725650028,318.579332372007,"A"
"4","Wheat",50.0695680447683,1.99790277895648,3,44.0984978108575,56.849139282301,"B"
"3","Clover",28.2030570867161,1.23187272791816,3,24.5429655600342,32.4089779244861,"C"
"2","Wheat-clover mix",20.4993545785351,0.894444110584687,3,17.8416279961322,23.552981724964,"D"
"1","Five-species mix",18.6321839619568,0.824090846955018,3,16.1857726501864,21.4483600316852,"D"
