"","Residue.type","response","SE","df","lower.CL","upper.CL",".group"
"5","No residue",151.498121501025,27.4212941939395,3,85.1613442728945,269.508202510192,"A"
"4","Wheat",36.761154967823,1.75683585407855,3,31.5745322263628,42.7997635841451,"B"
"3","Clover",19.3055773837811,0.517600703203464,3,17.7266588554494,21.0251306329273,"C"
"2","Wheat-clover mix",15.3449743701804,0.410213906328142,3,14.0934811938968,16.7075994342309,"D"
"1","Five-species mix",14.006094231717,0.389293135216196,3,12.820402703442,15.3014441250794,"E"
