"","Moisture.treatment","response","SE","df","lower.CL","upper.CL",".group"
"2","Ambient",0.708458238985248,0.00529005735397586,3,0.691622915504349,0.725293562466147,"A"
"1","Drought",0.711135105055881,0.00493170517104371,3,0.695440218155545,0.726829991956218,"A"
