"","Residue.type","response","SE","df","lower.CL","upper.CL",".group"
"5","No residue",812.222883070846,32.6557236087669,3,714.671752385501,923.089529678327,"A"
"3","Wheat",703.87118815432,20.7167365333115,3,640.934841930083,772.98754429053,"B"
"2","Clover",435.620050854041,11.706078831586,3,399.914596655391,474.513384340405,"C"
"4","Wheat-clover mix",480.034264272564,15.7530253557662,3,432.430172537172,532.878854229103,"C"
"1","Five-species mix",363.115877478185,8.49250914384441,3,337.070243129848,391.174074734206,"D"
