"","Residue.type","response","SE","df","lower.CL","upper.CL",".group"
"5","No residue",5.70167921182511,0.140363461031743,3,5.27203024222078,6.1663428206862,"A"
"4","Wheat",4.61104939040641,0.0403167150242101,3,4.4845122674658,4.74115694476232,"B"
"3","Clover",3.83209402594856,0.0241722830880322,3,3.75593402373825,3.9097983433412,"C"
"2","Wheat-clover mix",3.70474552346372,0.0251006746932142,3,3.62571901863599,3.78549449725091,"D"
"1","Five-species mix",3.53503614376654,0.0255675144923723,3,3.45459818820932,3.61734704209212,"E"
