"","Residue.type","response","SE","df","lower.CL","upper.CL",".group"
"5","No residue",0.872606992687043,0.00773068629513774,3,0.848004498649775,0.897209486724312,"A"
"4","Wheat",0.732527579795088,0.00470221009687279,3,0.717563048645628,0.747492110944549,"B"
"3","Clover",0.67879593392689,0.00905105269970666,3,0.64999144470378,0.70760042315,"C"
"2","Wheat-clover mix",0.63827865046662,0.00514278374479039,3,0.621912017339138,0.654645283594101,"D"
"1","Five-species mix",0.626774203227182,0.00568988029344708,3,0.608666464709795,0.644881941744569,"D"
