"","Moisture.treatment","response","SE","df","lower.CL","upper.CL",".group"
"2","Ambient",40.3186617052949,1.7789332277896,3,35.0368046142306,46.3967676163527,"A"
"1","Drought",41.4672066502513,2.41463393172818,3,34.452762444416,49.9097635537595,"A"
