"","Residue.type","response","SE","df","lower.CL","upper.CL",".group"
"5","No residue",1028.75,45.1968908327504,3,884.913321759003,1172.586678241,"A"
"3","Wheat",810.4375,28.6953190426698,3,719.116187933718,901.758812066282,"B"
"2","Clover",543.874999999999,30.2481364013263,3,447.611930067881,640.138069932118,"CD"
"4","Wheat-clover mix",584.785714348145,19.2583029809476,3,523.497199180394,646.074229515896,"C"
"1","Five-species mix",499.1875,17.4050839522611,3,443.796754882974,554.578245117026,"D"
