"","Glucose.addition.treatment","response","SE","df","lower.CL","upper.CL",".group"
"2","G-00",0.677341038621953,0.00551066112124437,3,0.66002874336735,0.695107428595906,"A"
"1","G-50",0.664551991398233,0.0054066129368071,3,0.647566573962834,0.681982929675898,"A"
