"","Moisture.treatment","response","SE","df","lower.CL","upper.CL",".group"
"2","Ambient",518.435286025746,10.6011716666826,3,485.771951194236,553.294905430074,"B"
"1","Drought",549.974997012496,11.6682042500091,3,514.067414868166,588.390721898732,"A"
