"","Moisture.treatment","response","SE","df","lower.CL","upper.CL",".group"
"2","Ambient",28.3064173984214,2.05200034487155,3,22.4745902254824,35.6515183545002,"A"
"1","Drought",31.1616219402027,1.12969187122352,3,27.7660793599098,34.9724089367176,"A"
