"","Glucose.addition.treatment","response","SE","df","lower.CL","upper.CL",".group"
"2","G-00",42.468695706561,2.20271230257346,3,36.0066684127343,50.0904469789436,"A"
"1","G-50",39.3128293754926,2.04133477160637,3,33.3247740078235,46.3768652457708,"A"
