"","Moisture.treatment","response","SE","df","lower.CL","upper.CL",".group"
"2","Ambient",0.667891425577807,0.00695394327850981,3,0.646123505580968,0.690392707442611,"A"
"1","Drought",0.673954356701841,0.00352364790380369,3,0.662833313661432,0.685261989033641,"A"
