"","Residue.type","response","SE","df","lower.CL","upper.CL",".group"
"5","No residue",0.989576693667319,0.00470623003724568,3,0.974599369273472,1.00455401806117,"A"
"4","Wheat",0.972381624905384,0.00152045758899007,3,0.967542850268962,0.977220399541807,"B"
"3","Clover",0.948079745479774,0.00133631806598087,3,0.943826984988009,0.952332505971539,"C"
"2","Wheat-clover mix",0.934689590642118,0.00147564291252992,3,0.929993436307219,0.939385744977017,"D"
"1","Five-species mix",0.928394713147509,0.00166644874696773,3,0.923091329489777,0.933698096805241,"E"
