"","Moisture.treatment","response","SE","df","lower.CL","upper.CL",".group"
"2","Ambient",670.664285739258,21.5887846599795,3,601.959137762541,739.369433715975,"A"
"1","Drought",716.15,15.7072040068809,3,666.162666641964,766.137333358036,"A"
