"","Residue.type","response","SE","df","lower.CL","upper.CL",".group"
"3","No residue",-0.161025824875,0.0846134469504765,3,-0.430303576499863,0.108251926749863,"A"
"5","Wheat",-0.14695819275,0.124122180477972,3,-0.54197036741588,0.24805398191588,"A"
"1","Clover",-0.26519381325,0.0861493644074293,3,-0.539359539710963,0.00897191321096336,"A"
"4","Wheat-clover mix",-0.19281221225,0.111709985354575,3,-0.548323242404965,0.162698817904965,"A"
"2","Five-species mix",-0.513784109875,0.0918234617162828,3,-0.806007346352344,-0.221560873397656,"A"
