"","Residue.type","response","SE","df","lower.CL","upper.CL",".group"
"1","No residue",0.13854186175,0.208189620255197,3,-0.52401042602957,0.801094149529571,"AB"
"3","Wheat",-0.380675736375,0.218761872899312,3,-1.07687365052036,0.315522177770359,"B"
"2","Clover",0.413437311,0.177172367240288,3,-0.150404234522224,0.977278856522223,"A"
"5","Wheat-clover mix",0.215525168375,0.263303771160459,3,-0.622424945321868,1.05347528207187,"AB"
"4","Five-species mix",0.0107386676250004,0.160932741716119,3,-0.501421141648639,0.52289847689864,"AB"
