"","Residue.type","response","SE","df","lower.CL","upper.CL",".group"
"1","No residue",1.30675622125,0.886648306099321,3,-1.51495440458184,4.12846684708184,"A"
"5","Wheat",1.2019131125,1.76621119865401,3,-4.41895919100716,6.82278541600716,"A"
"4","Clover",4.32029765,2.3395929835393,3,-3.12533139633233,11.7659266963323,"A"
"3","Wheat-clover mix",-0.33724572125,1.13879399820678,3,-3.96139647332242,3.28690503082242,"A"
"2","Five-species mix",4.310161795,1.52146180543322,3,-0.531808706331231,9.15213229633123,"A"
