"","Residue.type","response","SE","df","lower.CL","upper.CL",".group"
"3","No residue",2.47445067,1.74688090079071,3,-3.08490399849205,8.03380533849206,"A"
"2","Wheat",1.07774162375,0.300074956312875,3,0.122769187723921,2.03271405977608,"A"
"1","Clover",-0.189310890000001,1.36337129041141,3,-4.52816681589968,4.14954503589968,"A"
"5","Wheat-clover mix",0.25815785625,0.344402507599404,3,-0.837884631590167,1.35420034409017,"A"
"4","Five-species mix",1.3187192,0.434541713906204,3,-0.0641864719124472,2.70162487191245,"A"
