"","Residue.type","response","SE","df","lower.CL","upper.CL",".group"
"4","No residue",25.06699348125,0.330862292664629,3,24.0140420004018,26.1199449620983,"B"
"2","Wheat",26.94011014,0.440220204315042,3,25.5391329772664,28.3410873027336,"A"
"5","Clover",25.7072575084939,0.783546051604873,3,23.2136642715444,28.2008507454435,"AB"
"1","Wheat-clover mix",27.13034106625,0.292836722991001,3,26.1984039191159,28.0622782133841,"A"
"3","Five-species mix",27.0937258375,0.321343962783377,3,26.0710659304148,28.1163857445852,"A"
