"","Moisture.treatment","response","SE","df","lower.CL","upper.CL",".group"
"2","Ambient",12.66682344645,0.291946602154962,3,11.7377190610818,13.5959278318182,"A"
"1","Drought",11.6106346875,0.158678379350112,3,11.1056492654088,12.1156201095912,"B"
