"","Residue.type","response","SE","df","lower.CL","upper.CL",".group"
"3","No residue",13.68999083625,0.227654484151405,3,12.9654926642811,14.4144890082189,"A"
"5","Wheat",11.53424366,0.280087008214655,3,10.6428817955493,12.4256055244507,"B"
"1","Clover",11.223483502375,0.581434026477509,3,9.37310093304543,13.0738660717046,"B"
"4","Wheat-clover mix",11.90034046125,0.154150628340595,3,11.4097643636303,12.3909165588697,"B"
"2","Five-species mix",12.345586875,0.241916533418178,3,11.5757004970363,13.1154732529637,"B"
