"","Residue.type","response","SE","df","lower.CL","upper.CL",".group"
"3","No residue",0.797407632499999,0.159458227977479,3,0.289940384025986,1.30487488097401,"B"
"4","Wheat",1.27700007975,0.170672683832495,3,0.733843427674421,1.82015673182558,"AB"
"1","Clover",1.76206971775,0.253729762972933,3,0.954588371036278,2.56955106446372,"A"
"2","Wheat-clover mix",1.600258438125,0.174959792519979,3,1.04345829284659,2.15705858340341,"A"
"5","Five-species mix",1.574475623625,0.23416321387341,3,0.829263768800207,2.31968747844979,"AB"
