"","Moisture.treatment","response","SE","df","lower.CL","upper.CL",".group"
"2","Ambient",4.9604179856,0.623778035729267,3,2.97527788047627,6.94555809072373,"B"
"1","Drought",6.6608376832,0.446008691480354,3,5.24143897087393,8.08023639552608,"A"
