"","Residue.type","response","SE","df","lower.CL","upper.CL",".group"
"2","No residue",2.76631903,0.403136085542494,3,1.48336008403875,4.04927797596125,"B"
"1","Wheat",7.8036203835,1.43484975639476,3,3.23728807762427,12.3699526893757,"A"
"4","Clover",5.832910205875,0.506840887550373,3,4.2199162959236,7.4459041158264,"A"
"3","Wheat-clover mix",6.509483360375,0.435604031450575,3,5.12319691991843,7.89576980083157,"A"
"5","Five-species mix",6.14080619225,0.664810841243071,3,4.02508138682343,8.25653099767656,"A"
