"","Residue.type","response","SE","df","lower.CL","upper.CL",".group"
"4","No residue",14.36038812125,1.41205161623945,3,9.8666096722789,18.8541665702211,"A"
"3","Wheat",11.124171355,1.60557924693327,3,6.01450161275701,16.233841097243,"B"
"2","Clover",10.1866140643629,1.41896853503624,3,5.67082289272299,14.7024052360028,"B"
"1","Wheat-clover mix",9.62077457262501,1.44016783596443,3,5.03751776407157,14.2040313811784,"B"
"5","Five-species mix",10.49017321725,1.54231596034654,3,5.58183548766505,15.398510946835,"B"
