"","Residue.type","response","SE","df","lower.CL","upper.CL",".group"
"3","No residue",1.9690017185,0.283195292293149,3,1.06774790686793,2.87025553013207,"A"
"2","Wheat",1.842575130875,0.409433256972722,3,0.539575774961885,3.14557448678812,"A"
"1","Clover",1.52868041725,0.299912910723244,3,0.574223682611931,2.48313715188807,"A"
"5","Wheat-clover mix",2.7997148965,0.562992440734312,3,1.00802168358243,4.59140810941757,"A"
"4","Five-species mix",1.354215059125,0.188308631461015,3,0.754932950678861,1.95349716757114,"A"
