"","Residue.type","response","SE","df","lower.CL","upper.CL",".group"
"4","No residue",31.09887497,1.69297428759337,3,25.7110752035082,36.4866747364918,"A"
"2","Wheat",30.2867974425,1.14135453031542,3,26.6544979344789,33.9190969505211,"A"
"5","Clover",29.36898280875,0.731085919358952,3,27.0423411258412,31.6956244916588,"A"
"1","Wheat-clover mix",30.24689333875,1.00750188708711,3,27.0405726806233,33.4532139968768,"A"
"3","Five-species mix",31.523126715,0.851846197543971,3,28.8121719309562,34.2340814990438,"A"
