"","Residue.type","response","SE","df","lower.CL","upper.CL",".group"
"4","No residue",17.30928738,1.40516447583819,3,12.8374268855528,21.7811478744471,"A"
"2","Wheat",13.82890614625,0.757541898142508,3,11.4180697314088,16.2397425610912,"A"
"5","Clover",14.688122166125,1.5590451130917,3,9.7265448061957,19.6496995260543,"A"
"1","Wheat-clover mix",11.4425090625,2.98836590659262,3,1.93219502422853,20.9528231007715,"A"
"3","Five-species mix",12.7753254765,1.72302493969577,3,7.2918911232535,18.2587598297465,"A"
